Date,TemperatureHighF,TemperatureAvgF,TemperatureLowF,DewpointHighF,DewpointAvgF,DewpointLowF,HumidityHigh,HumidityAvg,HumidityLow,PressureMaxIn,PressureMinIn,WindSpeedMaxMPH,WindSpeedAvgMPH,GustSpeedMaxMPH,PrecipitationSumIn
2012-1-1,86.4,73.1,62.8,37.8,29.9,21.0,30,21,15,30.23,30.13,7,2,7,0.00
2012-1-2,84.2,70.9,61.4,42.9,30.3,19.4,33,23,16,30.27,30.16,7,3,8,0.00
2012-1-3,85.7,70.1,62.1,40.0,33.4,26.7,35,27,17,30.27,30.18,8,3,8,0.00
2012-1-4,91.1,73.0,61.9,39.4,29.9,20.3,34,22,10,30.30,30.20,8,4,9,0.00 
2012-1-5,86.4,71.3,61.7,33.2,23.2,16.1,28,17,10,30.23,30.04,9,3,9,0.00 
2012-1-6,79.6,65.1,55.8,45.7,34.4,27.3,60,34,18,30.09,30.01,8,3,8,0.00 
2012-1-7,68.4,55.2,48.6,49.8,45.1,36.9,88,70,50,30.08,29.99,7,2,7,0.00 
2012-1-8,77.6,59.8,47.9,46.0,32.1,20.5,90,39,15,30.20,30.07,11,2,11,0.00 
2012-1-9,77.2,61.8,52.9,31.4,24.3,18.3,35,25,15,30.24,30.17,8,2,8,0.00 
2012-1-10,73.8,59.1,50.4,35.5,28.4,24.7,42,32,19,30.23,30.08,10,3,10,0.00 
2012-1-11,71.8,59.8,51.1,40.8,35.5,29.8,47,41,28,30.11,30.01,7,2,7,0.00 
2012-1-12,81.9,64.0,57.6,39.0,31.5,17.6,47,31,18,30.09,30.01,6,2,6,0.00 
2012-1-13,81.4,64.1,52.9,23.3,13.5,2.8,23,14,6,30.20,30.09,7,2,7,0.00 
2012-1-14,72.5,60.5,54.4,25.8,12.6,1.1,32,16,10,30.22,30.13,6,2,6,0.00 
2012-1-15,65.7,56.9,52.0,47.3,31.7,21.0,76,41,22,30.19,30.10,8,2,8,0.01 
2012-1-16,53.6,50.4,47.2,48.9,44.0,39.8,89,79,66,30.26,30.12,12,2,12,0.09 
2012-1-17,66.8,51.5,44.5,43.4,39.6,36.6,77,65,38,30.32,30.23,9,2,9,0.00 
2012-1-18,69.3,53.8,43.0,42.9,36.3,28.1,74,53,30,30.33,30.20,9,3,9,0.00 
2012-1-19,72.4,55.1,46.1,44.6,36.3,24.9,76,51,25,30.20,30.07,9,2,9,0.00 
2012-1-20,70.2,54.4,45.7,49.5,44.2,39.9,84,70,47,30.18,30.09,8,2,8,0.00 
2012-1-21,57.1,52.0,48.2,54.1,48.3,44.9,95,87,80,30.15,30.04,11,3,11,0.23 
2012-1-22,64.1,51.9,43.9,51.2,44.6,39.1,88,77,59,30.24,30.14,8,2,8,0.00 
2012-1-23,53.6,50.5,48.4,52.2,44.3,35.2,95,80,57,30.17,29.96,15,3,15,0.30 
2012-1-24,70.9,55.4,47.9,55.1,49.0,44.1,94,80,54,30.26,30.06,8,2,8,0.01 
2012-1-25,82.1,64.2,52.6,47.6,40.5,31.4,72,43,25,30.25,30.14,10,2,10,0.00 
2012-1-26,84.2,67.3,58.3,46.8,39.5,33.0,54,38,19,30.17,30.06,9,3,9,0.00 
2012-1-27,86.9,66.1,54.2,47.2,38.4,26.1,54,38,18,30.12,29.98,9,3,9,0.00 
2012-1-28,91.6,67.5,57.6,29.3,22.3,15.4,27,19,6,30.23,30.11,8,2,8,0.00 
2012-1-29,83.9,65.7,54.4,27.8,19.5,12.3,27,18,7,30.24,30.10,10,3,10,0.00 
2012-1-30,73.8,61.0,53.3,37.0,27.6,17.8,45,29,13,30.11,30.02,9,3,9,0.00 
2012-1-31,70.2,55.0,45.7,47.3,39.4,27.8,80,57,34,30.19,30.04,8,2,8,0.00 
2012-2-1,72.7,56.3,48.4,50.5,43.5,35.8,85,65,28,30.21,30.10,12,3,12,0.00 
2012-2-2,70.0,56.2,46.4,48.8,43.0,35.6,81,63,41,30.13,29.94,8,3,8,0.00 
2012-2-3,78.8,61.0,50.0,42.9,27.8,19.8,65,30,15,30.06,30.00,12,2,12,0.00 
2012-2-4,78.7,62.6,54.5,30.2,24.0,18.4,29,24,15,30.09,30.01,11,2,11,0.00 
2012-2-5,79.6,61.8,51.8,34.9,27.7,24.1,36,28,16,30.10,30.00,12,3,12,0.00 
2012-2-6,72.4,61.4,51.3,35.7,29.5,26.9,40,31,20,30.07,29.97,7,2,7,0.00 
2012-2-7,61.0,55.8,52.2,47.8,41.7,27.3,84,61,28,30.01,29.93,9,2,11,0.16 
2012-2-8,76.3,61.7,50.8,48.8,41.8,32.4,73,52,23,30.18,30.01,0,0,0,0.00 
2012-2-9,84.1,67.0,56.2,39.2,34.0,31.3,41,31,17,30.23,30.14,0,0,0,0.00 
2012-2-10,75.1,62.2,52.6,49.8,41.2,33.2,85,48,28,30.23,30.10,0,0,0,0.00 
2012-2-11,62.1,54.0,50.6,49.5,46.2,41.5,86,76,56,30.14,30.01,0,0,0,0.00 
2012-2-12,58.5,52.7,50.4,50.6,46.1,44.1,86,78,67,30.09,30.01,0,0,0,0.05 
2012-2-13,55.8,51.0,45.0,48.8,45.0,40.1,90,80,67,30.10,29.98,0,0,0,0.09 
2012-2-14,61.9,50.1,43.9,49.3,42.8,38.8,91,77,55,30.12,29.95,0,0,0,0.62 
2012-2-15,56.7,48.7,44.5,46.4,41.6,37.5,91,77,64,30.13,29.94,0,0,0,0.20 
2012-2-16,68.0,53.4,43.4,47.5,39.6,35.1,84,62,33,30.12,29.99,0,0,0,0.00 
2012-2-17,70.7,57.5,49.3,44.3,35.0,27.5,72,45,21,30.22,30.11,0,0,0,0.00 
2012-2-18,65.7,53.6,45.0,48.9,41.5,33.6,75,64,52,30.18,30.06,0,0,0,0.00 
2012-2-19,62.3,53.1,49.5,49.7,45.5,43.5,83,76,57,30.14,30.02,8,0,8,0.00 
2012-2-20,64.1,52.6,44.8,49.4,44.2,40.0,84,74,54,30.17,30.08,0,0,0,0.00 
2012-2-21,75.4,58.9,45.9,48.8,40.4,32.2,84,55,29,30.19,30.08,0,0,0,0.00 
2012-2-22,81.0,65.2,52.4,41.1,34.8,29.9,48,34,19,30.18,29.97,3,0,3,0.00 
2012-2-23,82.1,64.6,54.7,49.2,41.1,34.5,74,45,21,29.98,29.84,9,0,9,0.00 
2012-2-24,75.4,58.8,51.7,53.3,48.3,43.8,86,69,41,30.18,29.96,11,1,11,0.00 
2012-2-25,74.3,56.9,47.5,53.5,47.6,43.8,88,73,40,30.19,30.00,10,2,10,0.00 
2012-2-26,64.4,54.4,47.7,49.9,45.6,43.2,85,73,58,30.00,29.91,11,3,11,0.00 
2012-2-27,56.2,48.8,41.6,45.0,41.3,37.6,90,76,55,30.03,29.87,22,6,22,0.51 
2012-2-28,57.2,47.9,41.9,46.5,39.0,36.5,86,72,52,30.30,30.03,18,4,20,0.03 
2012-2-29,61.0,50.1,41.0,45.5,40.3,34.9,82,70,49,30.30,30.23,12,3,12,0.00 
2012-3-1,59.9,52.2,49.0,48.5,44.5,41.0,90,76,58,30.23,30.10,16,4,16,0.07 
2012-3-2,76.3,58.0,44.3,47.8,31.5,7.8,80,46,11,30.28,30.09,12,3,12,0.00 
2012-3-3,77.2,56.6,50.8,28.8,15.2,9.9,27,20,15,30.27,30.19,9,2,9,0.00 
2012-3-4,89.1,77.6,65.2,35.6,31.2,26.8,26,20,12,30.13,30.02,12,4,12,0.00 
2012-3-5,82.1,68.3,59.8,41.6,32.9,25.7,48,28,16,30.07,29.99,11,5,11,0.00 
2012-3-6,59.6,52.4,46.4,49.0,43.9,36.7,82,73,43,30.01,29.88,16,5,20,0.00 
2012-3-7,67.7,52.0,42.3,40.0,31.5,21.2,78,50,20,30.18,29.89,13,4,13,0.04 
2012-3-8,80.1,61.2,43.4,35.6,26.8,19.7,55,31,13,30.28,30.17,12,3,12,0.00 
2012-3-9,85.5,68.2,56.2,30.2,23.2,19.1,27,19,10,30.28,30.08,13,4,13,0.00 
2012-3-10,78.1,62.3,53.5,46.1,34.4,22.9,74,39,18,30.08,30.01,13,5,13,0.00 
2012-3-11,68.4,57.0,49.7,47.2,44.0,41.3,73,63,43,30.11,30.04,13,3,13,0.00 
2012-3-12,67.9,55.7,49.1,46.8,44.0,40.8,80,66,43,30.10,30.02,12,3,12,0.00 
2012-3-13,68.9,55.7,50.4,47.6,45.5,44.3,82,70,44,30.12,30.05,14,3,14,0.00 
2012-3-14,68.8,56.2,49.7,50.8,46.7,44.4,87,72,47,30.20,30.10,15,3,15,0.00 
2012-3-15,67.9,55.7,47.0,52.7,47.8,43.0,88,76,54,30.20,30.10,13,4,13,0.00 
2012-3-16,68.6,56.9,52.2,54.1,49.2,46.9,86,76,56,30.13,29.99,13,3,13,0.01 
2012-3-17,54.7,50.7,44.6,52.4,48.2,40.7,96,91,85,30.01,29.78,24,7,24,0.69 
2012-3-18,50.8,45.2,41.8,41.5,38.8,34.4,91,79,60,30.03,29.75,29,12,29,0.23 
2012-3-19,56.3,48.0,42.5,49.0,43.1,37.5,94,84,62,30.07,29.94,14,4,14,0.50 
2012-3-20,70.6,55.0,42.5,48.6,40.1,35.2,86,61,33,30.17,30.07,11,4,11,0.00 
2012-3-21,76.5,61.4,50.2,48.2,39.8,32.7,65,47,28,30.16,29.98,13,4,13,0.00 
2012-3-22,75.6,60.9,52.2,51.7,44.1,34.4,80,56,35,30.03,29.93,13,4,13,0.00 
2012-3-23,72.4,56.9,49.9,54.2,47.9,44.7,87,73,50,30.10,30.01,13,3,13,0.00 
2012-3-24,68.2,55.5,49.1,54.0,47.6,44.6,88,76,52,30.04,29.95,10,2,10,0.00 
2012-3-25,63.2,53.2,47.5,48.6,45.8,44.3,91,77,55,30.02,29.88,27,6,27,0.12 
2012-3-26,67.3,54.2,48.8,52.0,46.7,44.1,91,77,50,30.16,30.02,16,4,16,0.04 
2012-3-27,70.0,54.5,46.4,51.0,45.7,42.2,88,73,47,30.14,30.06,16,3,16,0.01 
2012-3-28,69.5,55.8,45.9,50.0,45.0,34.5,86,70,31,30.15,30.05,14,3,14,0.00 
2012-3-29,73.1,57.9,52.0,57.7,50.2,47.7,87,77,45,30.11,29.99,13,3,13,0.00 
2012-3-30,72.2,58.5,50.2,54.5,50.1,46.6,89,75,53,30.07,29.98,12,3,12,0.00 
2012-3-31,60.1,54.3,52.2,51.3,49.4,48.0,88,84,71,30.10,30.01,10,3,10,0.02 
2012-4-1,62.3,53.8,46.8,49.1,43.4,37.5,94,70,48,30.08,30.02,21,5,21,0.07 
2012-4-2,79.4,59.8,48.2,47.0,37.5,30.6,70,47,21,30.07,29.93,13,4,13,0.00 
2012-4-3,79.9,64.1,52.0,41.9,34.3,23.8,49,36,15,30.05,29.97,14,5,14,0.00 
2012-4-4,76.3,62.2,54.4,48.8,40.0,31.0,78,46,24,30.04,29.93,14,4,14,0.00 
2012-4-5,69.7,57.5,51.5,51.6,47.3,43.8,79,70,48,30.06,29.91,14,4,14,0.00 
2012-4-6,73.1,58.3,46.8,46.4,41.8,37.5,81,58,30,30.10,30.01,11,3,11,0.00 
2012-4-7,83.7,67.0,54.9,41.2,29.5,16.8,55,29,10,30.10,30.02,14,5,14,0.00 
2012-4-8,82.3,67.0,56.9,42.3,31.7,25.0,52,28,13,30.09,30.04,12,4,12,0.00 
2012-4-9,82.3,64.8,53.1,47.2,39.0,32.8,80,41,19,30.06,29.98,16,5,16,0.00 
2012-4-10,69.8,57.7,49.0,50.8,46.2,41.0,85,67,48,30.02,29.93,15,5,17,0.00 
2012-4-11,61.9,54.7,50.9,51.9,47.2,43.8,90,76,59,30.16,29.94,16,7,16,0.15 
2012-4-12,65.0,54.9,49.3,48.6,45.8,42.5,90,73,47,30.23,30.11,15,3,15,0.07 
2012-4-13,59.4,51.2,45.4,49.2,45.1,41.4,93,80,61,30.11,29.82,26,8,26,0.23 
2012-4-14,58.0,50.3,45.7,44.6,42.0,40.1,87,74,54,30.13,29.88,27,12,27,0.08 
2012-4-15,68.2,55.1,44.1,50.0,44.1,38.6,83,68,47,30.19,30.12,13,4,13,0.00 
2012-4-16,79.2,63.1,50.0,50.6,45.5,41.6,78,56,32,30.18,30.10,12,4,12,0.00 
2012-4-17,82.1,68.2,57.1,50.6,43.5,33.2,64,44,19,30.13,30.01,13,4,13,0.00 
2012-4-18,80.3,65.9,54.4,52.8,46.8,40.9,81,51,32,30.05,29.97,10,4,10,0.00 
2012-4-19,78.1,62.6,52.2,54.6,50.8,47.1,88,68,44,30.03,29.96,12,3,12,0.00 
2012-4-20,82.6,65.2,55.8,60.3,54.0,49.1,83,69,45,30.01,29.96,10,3,10,0.00 
2012-4-21,81.7,65.1,57.6,61.5,55.3,52.0,84,72,49,30.01,29.94,13,3,13,0.00 
2012-4-22,72.5,61.4,56.5,59.7,54.8,52.0,90,79,59,30.03,29.96,11,3,11,0.00 
2012-4-23,59.9,56.8,53.8,55.2,52.0,50.0,93,84,75,30.10,30.02,10,3,10,0.03 
2012-4-24,78.1,61.6,52.2,57.0,50.8,47.8,86,69,37,30.10,29.99,16,3,16,0.00 
2012-4-25,80.3,62.9,55.8,59.7,53.3,49.7,87,72,45,30.04,29.86,18,4,18,0.09 
2012-4-26,67.3,59.0,54.0,59.2,54.1,52.0,94,84,68,30.12,29.89,20,7,20,0.34 
2012-4-27,69.5,59.8,53.8,55.7,52.5,48.8,94,78,58,30.12,29.99,13,4,13,0.01 
2012-4-28,78.7,64.3,54.0,59.3,52.4,48.5,84,67,42,30.00,29.85,15,3,15,0.00 
2012-4-29,68.0,59.9,54.7,58.1,53.4,50.3,89,79,67,29.99,29.85,11,3,11,0.00 
2012-4-30,64.1,58.9,56.7,57.4,54.9,53.2,92,87,79,30.03,29.95,8,2,8,0.00 
2012-5-1,67.0,59.4,55.8,56.2,53.3,50.0,93,81,64,29.99,29.92,11,4,11,0.00 
2012-5-2,65.2,58.2,55.1,53.8,51.3,50.0,86,78,66,30.02,29.93,9,4,9,0.00 
2012-5-3,71.6,60.5,54.2,54.6,51.9,49.8,86,74,53,30.09,30.00,16,4,16,0.00 
2012-5-4,75.8,62.1,55.1,57.0,52.6,50.0,86,73,46,30.13,30.04,13,3,13,0.00 
2012-5-5,75.4,62.7,54.5,57.2,52.6,50.1,87,71,48,30.07,29.99,14,3,14,0.00 
2012-5-6,72.4,60.7,52.6,57.1,51.6,48.8,89,73,51,30.04,29.96,13,3,13,0.00 
2012-5-7,78.3,62.4,53.5,58.1,52.7,48.6,86,72,49,30.01,29.94,13,3,13,0.00 
2012-5-8,80.3,66.1,55.1,59.9,54.1,50.8,88,68,41,29.96,29.88,13,3,13,0.00 
2012-5-9,80.5,68.0,58.0,59.1,53.6,43.4,77,61,46,29.95,29.89,12,4,12,0.00 
2012-5-10,74.9,65.0,57.1,57.3,53.4,48.8,86,67,50,29.98,29.92,13,4,13,0.00 
2012-5-11,74.9,63.3,56.0,54.1,51.0,49.1,80,66,45,30.06,29.93,13,4,13,0.01 
2012-5-12,79.6,63.4,54.0,56.9,52.5,49.0,84,70,44,30.12,30.02,14,3,14,0.02 
2012-5-13,79.0,62.6,54.4,59.9,53.9,50.6,90,75,46,30.11,30.03,14,3,14,0.00 
2012-5-14,79.9,64.1,55.3,59.1,53.2,49.3,89,71,41,30.07,29.99,15,4,15,0.00 
2012-5-15,79.6,64.2,54.4,57.4,51.5,46.3,87,66,35,30.01,29.91,13,3,13,0.00 
2012-5-16,83.9,68.5,56.5,57.6,52.8,49.1,81,60,36,29.95,29.86,13,4,13,0.00 
2012-5-17,77.9,64.8,57.2,60.1,55.3,51.5,87,72,49,29.94,29.86,13,4,13,0.00 
2012-5-18,72.9,61.7,55.3,54.6,51.2,48.3,81,69,52,29.97,29.89,15,5,15,0.00 
2012-5-19,79.7,65.2,56.9,57.3,53.2,50.2,79,67,44,29.97,29.91,15,4,15,0.00 
2012-5-21,86.6,74.7,59.0,62.5,56.5,51.2,82,56,34,29.99,29.94,13,5,13,0.00 
2012-5-22,83.9,67.9,55.6,59.8,54.5,51.0,89,65,39,29.98,29.87,12,4,12,0.00 
2012-5-23,72.2,63.3,56.5,57.1,54.0,51.5,87,72,57,29.87,29.77,14,4,14,0.00 
2012-5-24,71.8,63.0,58.3,56.9,53.2,51.4,79,71,56,29.78,29.71,16,5,16,0.00 
2012-5-25,65.0,56.6,51.1,54.5,50.3,44.5,90,80,65,29.92,29.75,18,8,18,0.01 
2012-5-26,68.4,56.6,50.4,49.2,45.8,43.2,86,69,42,30.10,29.91,17,5,17,0.01 
2012-5-27,74.2,60.9,51.1,52.7,48.9,45.1,81,66,44,30.08,29.99,17,4,17,0.00 
2012-5-28,81.4,66.2,55.8,57.9,53.2,49.3,84,65,39,30.00,29.95,15,3,15,0.00 
2012-5-29,80.6,67.4,57.2,58.0,53.4,50.0,79,63,41,30.04,29.96,13,4,13,0.00 
2012-5-30,78.3,64.9,56.7,57.1,53.4,50.4,83,68,45,30.07,30.00,15,4,15,0.00 
2012-5-31,83.2,67.3,56.5,58.8,54.6,51.0,84,66,42,30.03,29.86,14,3,14,0.00 
2012-6-1,80.5,66.8,57.1,61.1,55.1,50.8,85,68,47,29.92,29.86,11,3,11,0.00 
2012-6-2,77.0,63.4,57.4,59.1,54.3,51.8,83,73,51,29.94,29.88,16,3,16,0.00 
2012-6-3,75.8,64.6,58.7,58.2,55.1,53.0,83,72,53,29.98,29.89,13,4,13,0.00 
2012-6-4,73.3,63.6,59.2,59.5,55.6,53.8,83,75,61,30.03,29.94,14,4,14,0.00 
2012-6-5,74.0,64.0,58.0,56.5,53.8,51.1,88,71,49,30.02,29.95,15,4,15,0.00 
2012-6-6,77.8,64.8,54.9,55.8,50.9,43.6,84,63,38,29.96,29.84,16,4,16,0.00 
2012-6-7,78.7,66.5,56.2,57.4,53.7,50.4,84,65,46,29.92,29.85,12,3,12,0.00 
2012-6-8,77.6,64.9,55.8,58.2,53.9,50.2,88,69,48,29.92,29.86,13,3,13,0.00 
2012-6-9,72.9,62.4,54.9,56.5,52.9,49.3,85,72,55,29.91,29.84,13,4,13,0.00 
2012-6-10,73.8,63.0,55.4,55.7,52.6,49.7,82,70,52,29.97,29.86,14,4,14,0.00 
2012-6-11,78.1,63.6,54.9,59.0,53.7,49.8,85,72,50,30.02,29.93,13,4,13,0.00 
2012-6-12,78.7,64.3,56.0,60.9,55.4,51.3,88,74,52,30.02,29.93,13,4,13,0.00 
2012-6-13,78.3,64.8,58.7,60.7,55.2,51.1,85,73,48,29.94,29.84,11,3,12,0.00 
2012-6-14,74.7,63.7,58.1,57.2,53.3,50.8,80,70,52,29.90,29.86,13,4,13,0.00 
2012-6-15,72.2,61.7,57.6,57.5,53.2,50.8,81,74,57,29.91,29.85,11,4,11,0.01 
2012-6-16,76.9,63.3,58.7,59.0,54.6,52.2,80,74,52,29.93,29.85,11,2,11,0.00 
2012-6-17,87.1,69.4,59.4,60.9,56.6,53.7,85,67,38,29.97,29.90,12,4,12,0.00 
2012-6-18,85.5,63.7,59.4,61.8,56.6,54.6,89,80,39,29.97,29.88,8,2,8,0.00 
2012-6-19,81.7,64.5,57.4,57.9,54.6,52.4,89,73,40,29.95,29.86,10,3,10,0.00 
2012-6-20,81.0,66.0,57.2,56.4,53.8,51.5,85,67,41,29.91,29.86,12,4,12,0.00 
2012-6-21,79.6,66.0,57.6,58.4,54.9,51.8,83,69,47,29.96,29.89,13,3,13,0.00 
2012-6-22,82.8,66.8,57.6,59.0,55.4,53.0,87,69,40,29.95,29.86,13,4,13,0.00 
2012-6-23,80.6,67.0,58.7,58.2,55.0,53.2,84,67,41,29.93,29.84,15,4,15,0.00 
2012-6-24,82.4,67.5,58.0,59.1,54.5,50.0,87,66,36,30.03,29.92,14,4,14,0.00 
2012-6-25,80.5,67.2,58.7,58.1,52.6,43.4,86,63,30,30.05,29.96,12,4,12,0.00 
2012-6-26,84.8,68.6,55.8,53.7,47.9,33.0,79,53,17,29.99,29.85,11,4,11,0.00 
2012-6-27,84.2,71.0,59.4,58.3,53.5,48.9,73,56,38,29.97,29.85,13,3,13,0.00 
2012-6-28,84.8,70.5,60.1,61.0,55.8,52.8,82,62,36,30.07,29.96,12,3,12,0.00 
2012-6-29,87.8,72.1,60.3,59.2,53.2,43.4,83,56,23,30.07,29.98,14,4,14,0.00 
2012-6-30,86.2,70.1,57.6,57.3,54.4,50.3,86,60,33,30.01,29.93,14,4,14,0.00 
2012-7-1,83.9,68.3,60.3,59.0,56.5,54.6,83,68,40,29.94,29.87,12,4,12,0.00 
2012-7-2,78.3,66.8,60.7,61.3,56.7,52.8,84,71,49,29.94,29.88,12,4,12,0.00 
2012-7-3,76.7,66.3,59.9,59.6,56.0,53.9,82,70,53,29.97,29.90,11,4,11,0.00 
2012-7-4,75.2,64.8,60.7,60.9,56.3,53.9,82,74,59,29.99,29.92,11,4,11,0.01 
2012-7-5,76.7,65.5,59.4,59.0,55.7,53.3,83,72,52,30.02,29.96,13,4,13,0.00 
2012-7-6,82.6,67.7,58.1,60.9,56.6,53.0,85,70,46,30.04,29.98,12,3,12,0.00 
2012-7-7,86.6,68.8,57.2,61.9,56.6,53.1,90,68,38,30.05,29.98,11,3,11,0.00 
2012-7-8,90.0,72.3,57.4,61.4,55.0,51.2,86,59,29,30.03,29.97,12,3,12,0.00 
2012-7-9,88.9,74.8,64.3,60.3,53.2,43.6,71,50,22,29.99,29.92,13,3,13,0.00 
2012-7-10,92.7,75.6,65.3,61.2,56.4,49.2,73,55,25,29.95,29.86,13,3,13,0.00 
2012-7-11,90.5,74.7,65.2,63.1,58.9,56.0,76,60,36,29.91,29.85,13,4,13,0.00 
2012-7-12,89.5,72.1,63.9,66.3,60.8,56.8,81,69,45,29.92,29.83,12,2,12,0.00 
2012-7-13,85.9,73.4,66.1,66.1,63.0,60.4,83,71,49,29.97,29.89,12,3,12,0.00 
2012-7-14,86.0,72.9,62.5,67.7,61.9,55.3,88,70,46,29.99,29.92,13,4,13,0.00 
2012-7-15,81.7,68.6,60.5,61.5,56.9,52.6,86,68,44,29.99,29.93,13,4,13,0.00 
2012-7-16,76.9,65.8,59.9,57.3,54.3,51.7,79,68,47,30.01,29.95,14,4,14,0.00 
2012-7-17,79.7,67.0,60.1,56.7,54.2,51.8,80,65,44,30.04,29.97,13,4,13,0.00 
2012-7-18,89.6,74.0,59.4,58.7,53.2,43.9,82,53,22,30.01,29.92,13,3,13,0.00 
2012-7-19,87.8,77.4,66.6,63.6,56.2,48.3,64,49,35,30.02,29.93,14,4,14,0.00 
2012-7-20,78.1,69.8,67.3,60.0,57.9,56.4,76,66,50,30.03,29.98,6,2,6,0.00 
2012-7-21,86.4,73.1,63.7,64.9,60.2,57.5,84,66,40,30.02,29.93,12,4,12,0.00 
2012-7-22,84.6,71.1,62.1,64.4,59.8,57.2,87,70,46,30.03,29.94,13,4,13,0.00 
2012-7-23,85.0,70.0,61.4,64.5,58.2,52.8,87,69,36,30.03,29.96,11,4,11,0.00 
2012-7-24,84.1,68.9,60.1,62.9,57.1,53.8,87,69,41,30.04,29.96,13,4,13,0.00 
2012-7-25,85.5,67.6,58.3,61.7,56.4,54.1,89,70,39,30.06,29.97,13,4,13,0.00 
2012-7-26,83.9,67.8,58.9,60.8,56.2,53.8,86,69,38,30.05,29.96,12,4,12,0.00 
2012-7-27,82.6,68.0,59.4,60.3,56.0,53.5,87,68,41,30.04,29.97,13,4,13,0.00 
2012-7-28,84.8,69.3,58.7,59.1,55.0,49.8,87,64,33,30.03,29.97,12,3,12,0.00 
2012-7-29,85.0,70.3,60.8,59.8,56.6,54.5,83,64,40,30.03,29.94,13,4,13,0.00 
2012-7-30,81.4,69.3,59.6,62.5,58.3,54.1,84,69,51,30.02,29.96,13,3,13,0.00 
2012-7-31,85.7,71.3,62.8,65.4,59.5,56.3,83,68,46,30.08,29.99,14,3,14,0.00 
2012-8-1,88.4,72.5,62.6,63.7,58.3,54.8,83,64,33,30.10,30.01,14,4,14,0.00 
2012-8-2,86.8,72.0,63.5,63.9,59.1,55.4,83,66,41,30.04,29.94,13,4,13,0.00 
2012-8-3,79.6,68.3,61.4,61.3,57.5,54.7,83,70,50,29.97,29.88,13,4,13,0.00 
2012-8-4,81.9,69.2,61.9,62.6,58.2,55.6,83,69,47,29.99,29.91,13,4,13,0.00 
2012-8-5,86.4,70.5,60.7,65.3,60.2,56.3,88,72,46,30.04,29.96,11,3,11,0.00 
2012-8-6,93.1,75.9,63.0,68.2,61.8,58.4,87,65,35,30.04,29.96,11,3,11,0.00 
2012-8-7,92.9,78.8,68.9,67.3,63.1,59.8,78,60,40,29.99,29.91,13,3,13,0.00 
2012-8-8,94.9,80.0,69.1,66.5,62.2,59.2,76,57,34,29.97,29.90,13,3,13,0.00 
2012-8-9,93.6,80.7,71.5,67.0,63.2,61.1,71,57,37,29.95,29.85,11,3,11,0.00 
2012-8-10,98.5,82.0,72.2,67.9,63.7,60.0,72,56,34,29.89,29.78,12,3,12,0.00 
2012-8-11,94.5,80.8,70.6,67.9,63.7,61.1,76,58,37,29.87,29.79,12,3,12,0.00 
2012-8-12,95.0,81.7,73.8,67.0,62.5,55.5,70,54,34,29.88,29.81,13,3,13,0.00 
2012-8-13,97.2,82.4,72.0,68.3,62.1,55.9,75,53,29,29.89,29.82,14,3,14,0.00 
2012-8-14,95.4,80.9,70.9,67.2,61.4,50.8,74,54,33,29.89,29.81,13,3,13,0.00 
2012-8-15,91.3,77.6,68.0,66.8,62.0,59.1,83,60,40,29.93,29.83,11,3,11,0.00 
2012-8-16,97.0,81.2,72.7,67.3,61.5,48.2,71,54,33,29.95,29.87,11,3,11,0.00 
2012-8-17,96.1,88.1,78.7,68.4,62.0,53.6,51,42,37,29.95,29.89,14,5,14,0.00 
2012-8-18,92.3,81.5,73.3,66.4,59.8,52.1,71,50,29,29.98,29.88,15,4,15,0.01 
2012-8-19,91.4,80.1,72.5,65.1,57.9,53.8,58,47,35,29.94,29.88,14,4,14,0.00 
2012-8-20,88.6,77.2,69.5,64.9,61.3,57.1,77,60,41,29.96,29.90,13,4,13,0.00 
2012-8-21,85.0,73.8,65.2,67.4,62.7,59.1,87,69,53,29.98,29.91,14,4,14,0.00 
2012-8-22,82.8,71.5,64.8,66.3,61.9,59.5,85,73,54,29.98,29.92,14,4,14,0.00 
2012-8-23,83.3,72.3,66.8,66.7,63.5,61.1,85,75,56,29.99,29.92,15,4,15,0.00 
2012-8-24,79.2,69.2,65.2,67.3,63.6,60.2,93,83,62,29.98,29.89,11,3,11,0.01 
2012-8-25,82.1,68.9,61.2,66.3,60.8,56.9,89,77,52,29.95,29.88,13,3,13,0.00 
2012-8-26,86.8,71.0,60.8,61.0,58.2,54.2,88,67,37,29.99,29.92,11,3,11,0.00 
2012-8-27,91.8,76.2,64.3,61.5,56.3,48.6,79,54,26,30.02,29.92,14,3,14,0.00 
2012-8-28,96.1,78.7,68.8,62.1,55.5,50.3,63,46,29,29.98,29.84,11,3,11,0.00 
2012-8-29,92.9,78.5,68.0,65.7,60.4,52.8,77,56,33,29.91,29.83,12,3,12,0.00 
2012-8-30,90.9,79.6,71.8,66.9,60.4,52.6,75,54,35,29.89,29.83,15,3,15,0.00 
2012-8-31,92.9,79.1,69.5,63.2,58.5,52.9,72,51,29,29.94,29.88,14,3,14,0.00 
2012-9-1,96.5,80.4,68.9,58.1,48.2,33.0,65,37,12,29.98,29.93,12,4,12,0.00 
2012-9-2,92.7,78.6,69.8,56.7,46.8,36.3,59,35,15,29.99,29.91,13,3,13,0.00 
2012-9-3,93.4,78.0,68.4,57.6,53.9,46.6,66,46,23,30.03,29.94,11,3,11,0.00 
2012-9-4,97.2,80.6,69.8,59.7,49.1,30.8,68,39,10,30.05,29.97,13,4,13,0.00 
2012-9-5,90.7,79.8,72.5,59.9,51.7,25.9,64,42,11,30.03,29.97,14,4,14,0.00 
2012-9-6,87.8,76.7,68.4,62.6,55.1,46.5,70,49,29,30.04,29.97,14,4,14,0.00 
2012-9-7,87.1,75.7,68.4,63.6,57.7,50.9,66,54,42,30.08,29.99,14,3,14,0.00 
2012-9-8,89.8,75.8,67.7,63.5,59.5,49.8,70,58,41,30.01,29.91,11,3,11,0.00 
2012-9-9,93.1,76.3,68.6,69.0,63.7,60.1,77,66,44,29.97,29.87,16,3,16,0.00 
2012-9-10,85.7,77.4,69.1,69.8,65.7,62.6,81,68,54,29.97,29.89,15,3,15,0.00 
2012-9-11,74.5,70.1,67.1,67.3,64.8,63.6,91,84,71,30.03,29.91,8,3,8,0.00 
2012-9-12,88.6,72.9,66.6,71.6,65.8,63.4,94,80,52,30.06,29.97,13,3,13,0.00 
2012-9-13,90.4,77.3,66.8,69.5,65.1,63.0,90,69,43,30.07,29.96,11,3,11,0.00 
2012-9-14,104.0,89.1,71.8,64.0,45.9,31.5,65,29,7,30.04,29.95,22,5,22,0.00 
2012-9-15,107.3,88.9,78.5,49.7,38.8,33.3,30,18,7,30.07,29.97,15,4,15,0.00 
2012-9-16,90.9,79.2,69.3,59.8,51.4,39.4,68,40,25,30.09,30.02,14,3,14,0.00 
2012-9-17,87.8,73.3,62.6,63.5,59.1,56.0,86,64,37,30.08,29.98,13,3,13,0.00 
2012-9-18,86.6,72.4,62.3,64.4,58.9,51.8,87,66,33,30.06,29.98,14,3,14,0.00 
2012-9-19,89.8,74.3,63.9,64.7,58.9,51.5,84,62,30,30.03,29.94,13,3,13,0.00 
2012-9-20,93.6,77.3,66.2,63.7,59.6,55.4,77,57,31,29.99,29.92,13,3,13,0.00 
2012-9-21,92.7,77.9,68.4,64.7,61.6,55.4,79,59,36,29.98,29.90,12,3,12,0.00 
2012-9-22,95.4,80.3,70.2,63.9,57.9,48.6,74,50,26,29.98,29.93,15,3,15,0.00 
2012-9-23,98.6,82.5,71.8,61.5,53.7,44.9,63,39,19,30.01,29.94,13,4,13,0.00 
2012-9-24,90.7,77.6,70.2,60.8,52.6,46.4,66,43,24,30.04,29.95,14,4,14,0.00 
2012-9-25,83.2,70.9,62.8,59.1,55.8,49.7,77,60,41,29.98,29.89,14,4,14,0.00 
2012-9-26,83.5,69.1,61.4,59.8,57.0,54.5,80,67,42,29.93,29.86,15,3,15,0.00 
2012-9-27,89.8,72.6,61.2,63.2,58.5,55.6,83,64,34,29.98,29.89,13,3,13,0.00 
2012-9-28,90.5,76.0,67.0,59.5,55.7,50.3,75,51,27,29.97,29.89,15,4,15,0.00 
2012-9-29,91.8,78.0,67.1,56.6,51.4,39.3,64,42,17,30.02,29.94,15,3,15,0.00 
2012-9-30,97.6,83.1,71.6,53.7,47.8,43.5,41,31,17,30.03,29.95,13,5,13,0.00 
2012-10-1,100.8,85.5,74.9,51.7,45.8,39.5,33,26,16,29.99,29.87,12,4,12,0.00 
2012-10-2,100.4,85.2,76.1,59.6,45.9,35.7,53,27,13,29.94,29.88,14,4,14,0.00 
2012-10-3,93.8,79.0,67.7,59.9,50.3,42.4,73,39,21,30.08,29.93,14,4,14,0.00 
2012-10-4,84.1,70.4,61.6,62.1,57.6,54.5,85,66,38,30.15,30.07,12,3,12,0.00 
2012-10-5,81.0,67.5,60.8,59.9,56.8,54.6,84,70,45,30.10,29.99,11,2,11,0.00 
2012-10-6,83.3,68.9,60.1,60.3,56.5,50.9,83,67,35,30.02,29.94,12,3,12,0.00 
2012-10-7,82.1,69.5,62.5,62.6,59.2,57.2,85,72,44,29.99,29.92,13,3,13,0.00 
2012-10-8,80.8,67.5,61.9,62.7,58.8,55.8,87,75,48,30.03,29.96,14,3,14,0.00 
2012-10-9,77.9,66.8,61.9,58.8,56.6,54.4,83,71,45,30.04,29.97,13,4,13,0.00 
2012-10-10,72.9,64.1,59.6,57.6,54.8,53.1,83,72,54,30.04,29.95,14,4,14,0.00 
2012-10-11,67.3,61.0,57.6,56.9,52.7,49.9,84,75,58,30.02,29.94,16,4,16,0.04 
2012-10-12,68.0,60.5,55.8,57.6,52.6,49.2,87,76,53,30.19,30.01,11,3,11,0.26 
2012-10-13,78.8,64.4,53.3,58.2,53.4,48.0,82,69,44,30.22,30.06,13,4,13,0.00 
2012-10-14,92.3,75.2,62.1,58.3,50.3,41.9,75,46,23,30.09,29.98,13,4,13,0.00 
2012-10-15,91.6,78.0,68.8,57.4,47.9,42.8,57,36,20,30.00,29.90,15,5,15,0.00 
2012-10-16,93.1,78.4,68.0,52.6,44.8,40.5,47,32,19,29.93,29.79,11,5,11,0.00 
2012-10-17,104.4,83.1,70.6,49.0,39.7,33.3,36,24,10,29.92,29.78,11,4,11,0.00 
2012-10-18,80.8,70.0,65.5,63.5,58.6,37.8,86,69,22,30.10,29.91,12,3,12,0.00 
2012-10-19,80.1,68.1,61.4,62.8,59.1,55.6,83,74,54,30.06,29.93,12,4,12,0.00 
2012-10-20,68.8,64.9,63.0,61.9,59.9,58.6,87,84,77,29.97,29.89,10,2,10,0.01 
2012-10-25,77.4,67.8,53.3,50.4,44.6,41.3,72,45,29,30.10,29.97,11,4,11,0.00 
2012-10-26,90.7,73.8,61.6,42.9,32.9,19.0,49,25,11,30.05,29.94,12,2,12,0.00 
2012-10-27,90.4,74.3,61.2,29.4,20.8,13.1,21,13,5,29.97,29.86,13,4,13,0.00 
2012-10-28,86.8,73.6,63.7,31.6,25.1,19.4,24,17,10,30.07,29.94,11,4,11,0.00 
2012-10-29,86.4,71.2,61.9,46.7,32.6,24.1,47,26,12,30.12,30.04,11,4,11,0.00 
2012-10-30,83.3,68.1,59.8,53.1,41.4,31.2,72,41,22,30.10,30.02,10,4,10,0.00 
2012-10-31,76.0,62.9,54.5,55.0,51.3,43.9,85,67,46,30.08,30.00,10,3,10,0.00 
2012-11-1,76.5,61.5,56.5,55.8,52.4,50.4,83,73,46,30.06,29.98,13,3,13,0.00 
2012-11-2,72.9,62.0,57.1,53.9,51.4,49.5,80,69,49,30.04,29.95,10,2,10,0.00 
2012-11-3,81.0,64.8,53.6,56.9,52.8,47.0,82,67,39,30.08,30.00,11,3,11,0.00 
2012-11-4,95.4,75.9,62.5,52.7,34.9,21.2,69,27,7,30.12,30.03,13,5,13,0.00 
2012-11-5,93.1,77.6,68.0,45.1,34.3,25.2,32,22,9,30.12,30.04,14,5,14,0.00 
2012-11-6,84.2,71.5,62.1,52.4,41.0,30.1,60,35,22,30.13,30.06,10,3,10,0.00 
2012-11-7,77.8,64.9,56.5,53.6,48.6,39.6,86,57,41,30.10,30.00,10,3,10,0.00 
2012-11-8,67.3,60.0,55.8,57.0,53.5,51.1,92,79,65,30.07,29.94,13,5,13,0.17 
2012-11-9,60.1,54.7,50.9,53.5,46.7,40.2,93,75,53,30.00,29.93,18,4,18,0.02 
2012-11-10,60.5,53.1,48.6,44.8,41.1,37.3,80,65,49,30.18,29.99,20,5,20,0.02 
2012-11-11,75.2,54.5,44.3,41.2,35.3,23.1,74,51,17,30.30,30.17,11,4,11,0.00 
2012-11-12,74.9,59.1,47.2,39.6,30.0,17.8,50,35,13,30.25,30.12,11,3,11,0.00 
2012-11-13,87.5,66.3,52.0,33.7,23.8,14.6,38,22,7,30.16,30.01,10,3,10,0.00 
2012-11-14,80.1,64.9,58.5,42.1,28.2,19.6,47,27,13,30.11,30.02,10,3,10,0.00 
2012-11-15,65.3,61.1,58.9,35.2,30.5,25.9,37,32,25,30.15,30.06,9,3,9,0.00 
2012-11-16,77.2,61.0,55.4,50.2,37.3,27.2,70,43,29,30.15,30.05,9,3,9,0.00 
2012-11-17,74.2,64.1,58.1,56.9,52.3,48.8,81,66,48,30.15,30.08,14,3,14,0.00 
2012-11-18,71.5,62.5,56.3,57.1,53.4,50.6,86,73,57,30.21,30.11,11,3,11,0.00 
2012-11-19,72.9,59.7,51.5,55.3,50.6,46.2,84,73,47,30.26,30.17,13,3,13,0.00 
2012-11-20,73.3,60.3,52.6,54.0,50.1,45.5,82,70,44,30.19,30.07,11,3,11,0.00 
2012-11-21,71.5,58.7,50.0,55.5,50.0,44.1,83,74,52,30.15,30.05,10,3,10,0.00 
2012-11-22,76.0,61.3,52.2,55.5,50.1,44.0,81,68,43,30.15,30.06,9,3,9,0.00 
2012-11-23,83.5,67.3,54.9,55.0,48.2,40.2,85,54,24,30.19,30.10,10,3,10,0.00 
2012-11-24,87.8,69.4,57.8,51.3,41.3,33.7,79,40,16,30.12,29.96,15,4,15,0.00 
2012-11-25,74.5,62.1,55.3,54.1,48.0,39.4,81,61,48,30.01,29.92,9,2,9,0.00 
2012-11-26,70.9,57.8,50.4,53.3,49.7,46.3,87,75,49,30.13,30.00,11,2,11,0.00 
2012-11-27,76.5,58.9,49.5,54.9,50.3,42.0,88,74,42,30.20,30.06,13,3,13,0.00 
2012-11-28,70.2,59.8,52.2,54.7,50.5,47.3,84,72,51,30.24,30.13,12,2,12,0.00 
2012-11-29,74.7,62.2,56.9,61.2,54.3,48.8,89,76,59,30.26,30.16,10,3,10,0.00 
2012-11-30,68.0,62.1,59.6,60.6,57.9,55.5,94,86,75,30.20,30.13,8,3,10,0.10 
2012-12-1,72.2,61.3,56.9,59.8,56.7,54.3,95,86,62,30.20,30.11,10,2,10,0.00 
2012-12-2,73.3,61.0,58.0,59.7,55.6,53.1,91,83,58,30.18,30.10,11,2,11,0.00 
2012-12-3,64.3,59.6,56.2,59.5,55.9,52.7,93,88,82,30.22,30.14,5,2,5,0.01 
2012-12-4,74.7,61.2,55.1,59.8,55.0,51.2,92,81,55,30.25,30.15,10,2,10,0.00 
2012-12-5,74.0,59.6,50.8,58.1,53.2,48.2,93,80,56,30.18,30.05,9,2,9,0.01 
2012-12-6,70.9,58.9,54.4,58.0,53.3,51.3,91,82,61,30.05,29.90,8,2,8,0.00 
2012-12-7,75.2,60.9,51.1,59.5,53.2,48.0,92,77,57,30.00,29.92,8,2,8,0.01 
2012-12-8,74.0,59.9,51.3,55.2,49.3,43.3,82,69,50,30.01,29.93,10,2,10,0.00 
2012-12-9,71.8,57.4,46.8,51.2,46.4,41.9,87,69,42,30.14,29.98,8,2,8,0.01 
2012-12-10,75.2,62.7,54.2,46.9,37.9,31.1,74,42,22,30.16,30.07,12,3,12,0.00 
2012-12-11,76.3,62.0,52.9,46.0,37.4,32.0,66,42,21,30.08,29.98,11,4,11,0.00 
2012-12-12,68.8,57.8,50.0,51.0,46.1,35.9,80,66,47,30.03,29.90,17,4,17,0.00 
2012-12-13,57.1,52.3,48.6,50.6,46.5,41.0,90,81,69,29.90,29.76,11,4,11,1.06 
2012-12-14,55.6,48.8,45.9,47.6,42.0,38.3,88,78,57,30.02,29.80,17,5,17,0.32 
2012-12-15,58.9,50.9,46.6,49.1,42.6,35.1,91,75,45,30.14,29.93,12,3,12,0.34 
2012-12-16,60.1,53.4,48.1,49.6,46.0,40.1,88,76,64,30.19,30.12,6,2,6,0.02 
2012-12-17,67.0,56.1,52.9,56.7,51.6,49.5,92,85,67,30.18,30.04,11,2,11,0.09 
2012-12-18,55.6,52.4,45.5,52.9,47.0,29.8,95,83,53,30.04,29.87,17,5,17,0.18 
2012-12-19,65.9,49.3,38.5,38.0,29.5,23.3,68,48,28,30.24,30.02,10,3,10,0.00 
2012-12-20,72.4,54.6,45.0,36.9,26.8,16.7,50,35,19,30.21,30.08,10,3,10,0.00 
2012-12-21,62.8,53.3,47.0,38.8,30.0,22.2,61,42,28,30.14,30.05,10,3,10,0.00 
2012-12-22,62.1,51.9,45.0,44.4,37.0,26.3,75,57,46,30.24,30.07,10,3,10,0.00 
2012-12-23,63.7,52.8,45.4,50.6,43.6,37.2,82,71,59,30.25,30.13,10,3,10,0.00 
2012-12-24,63.7,53.4,49.3,57.0,48.5,43.8,91,84,72,30.17,30.03,9,3,9,0.07 
2012-12-25,63.9,53.0,46.4,51.3,45.0,39.8,87,75,45,30.12,30.02,10,3,10,0.00 
2012-12-26,57.8,51.1,47.9,51.5,44.6,41.0,90,79,63,30.04,29.97,16,4,16,0.07 
2012-12-27,58.3,51.3,45.5,48.8,42.4,37.5,86,72,50,30.12,29.97,14,3,14,0.06 
2012-12-28,69.1,52.2,41.9,42.8,34.8,29.0,77,55,25,30.17,30.07,10,4,10,0.00 
2012-12-29,61.7,50.1,44.8,44.7,37.8,28.6,85,64,47,30.10,29.98,10,4,10,0.18 
2012-12-30,52.4,46.4,43.0,45.5,41.5,38.8,86,83,75,30.02,29.96,7,3,7,0.01 
2012-12-31,64.1,51.9,40.3,43.7,36.8,32.7,81,58,36,30.26,30.16,13,4,13,0.00 
2013-1-1,64.1,50.9,42.1,40.6,31.3,19.7,69,49,31,30.25,30.09,10,3,10,0.00 
